{
    "total_solving_time_e1": 1.2122724670003864,
    "total_instances_solved_e1": 400,
    "total_instances_timedout_e1": 0,
    "instance_solving_time_e1": [
        9.066099999976984e-05,
        8.277899999997729e-05,
        3.8082000000105865e-05,
        3.365000000021823e-05,
        0.00015357600000021066,
        8.109299999992103e-05,
        4.058599999989809e-05,
        8.427700000002147e-05,
        9.17289999997628e-05,
        0.0001327070000001207,
        2.8455999999899007e-05,
        0.00024144499999989577,
        6.874299999992672e-05,
        5.71030000000583e-05,
        0.00013539299999987264,
        0.00010613699999995063,
        5.0510999999975326e-05,
        6.51299999998578e-05,
        5.203100000006344e-05,
        4.92080000000783e-05,
        0.00010330499999966491,
        0.00010523100000003893,
        7.84590000000307e-05,
        6.230100000070848e-05,
        6.768400000023433e-05,
        0.00015081399999949952,
        0.00022444200000037995,
        3.272499999962264e-05,
        7.47690000002521e-05,
        5.9482000000166124e-05,
        0.00011455900000001407,
        0.0006298749999995579,
        0.0007137089999993407,
        0.0003151829999996636,
        0.00021744499999876155,
        7.486900000053254e-05,
        0.0001738119999998844,
        0.00010097100000017178,
        0.0001335749999995528,
        5.7281000000131144e-05,
        3.0460999999704086e-05,
        0.000102511999999777,
        0.0001247529999996999,
        0.00016161000000103343,
        0.00013412100000032012,
        0.0001904729999999688,
        7.319199999855641e-05,
        4.8697000000430535e-05,
        3.553099999997755e-05,
        0.00017699200000009796,
        0.00012002599999938468,
        7.936799999974653e-05,
        0.00014410099999828674,
        5.804400000108956e-05,
        0.00012599300000104563,
        6.937700000086977e-05,
        0.00010931899999988559,
        0.00010306899999967811,
        0.0008005000000004259,
        0.00024625100000008615,
        0.00038850700000025995,
        0.00013415700000152242,
        0.0001876139999978932,
        6.359600000038768e-05,
        0.00015335599999843907,
        3.529099999965979e-05,
        6.727799999950435e-05,
        8.002899999937085e-05,
        0.0001879560000013214,
        0.00015967700000274476,
        7.70390000006671e-05,
        4.016900000181067e-05,
        0.00013756300000267174,
        0.0001926949999990768,
        9.75670000009643e-05,
        0.0006350790000020368,
        0.0009698219999982882,
        0.0010069120000011367,
        3.475200000124801e-05,
        0.00023322000000192133,
        6.32070000001761e-05,
        0.00011270099999904915,
        0.0006413469999984045,
        8.857799999972826e-05,
        0.0001396519999978807,
        0.0002716659999997262,
        4.6742999998627965e-05,
        7.084399999968127e-05,
        5.72649999988073e-05,
        0.0005540450000012243,
        0.0009963669999990543,
        0.0007021710000003623,
        0.0005148730000001933,
        0.00012650499999722342,
        0.00019994899999886684,
        0.00010052999999743406,
        0.00021951600000136295,
        0.00011612800000193602,
        5.3997999998500745e-05,
        8.99149999966653e-05,
        0.0002794239999985848,
        0.00036288500000125623,
        6.902199999814229e-05,
        0.0001724969999941095,
        5.9624000002145294e-05,
        0.00035549200000417613,
        7.3948000000712e-05,
        0.00017069999999819174,
        8.853199999947492e-05,
        0.0003214169999949945,
        0.00010429700000003095,
        4.625700000104871e-05,
        0.00014259600000343653,
        5.960299999685503e-05,
        0.00020137399999953232,
        0.00022710300000028383,
        0.00014612900000088302,
        0.0008554370000055656,
        0.0001395749999986151,
        0.000234432999995704,
        5.9522000000811204e-05,
        0.0013556339999993838,
        0.0007063460000011901,
        6.623999999533225e-05,
        0.0001923800000014353,
        0.002782459999998821,
        0.00013414200000028131,
        0.00013614800000283367,
        0.0002663880000000063,
        4.54629999993017e-05,
        0.0004454819999963888,
        0.00022739000000626675,
        7.076400000016747e-05,
        0.0048439079999980095,
        0.00027349599999126895,
        0.0006876399999953264,
        0.0005271700000122337,
        9.350000000551972e-05,
        0.00037195400000200607,
        0.00023310199999571068,
        0.00025021800000502026,
        0.00023017899999899782,
        0.00013540400000522368,
        0.00025006799999971463,
        0.0015136669999975538,
        0.0012868689999976368,
        0.0005829210000030116,
        0.00011771300000873453,
        0.00014154099999075243,
        0.001735944000003542,
        0.00021184099999516093,
        0.0003343379999876106,
        0.0006206099999985781,
        0.00025721199999395594,
        6.862399999363333e-05,
        0.0001559300000053554,
        0.0001048700000012559,
        9.865999999192354e-05,
        0.00010705900000118618,
        0.002658361000001719,
        0.001546551000004115,
        0.00017913000000646662,
        0.00039539700000545963,
        0.00036051800000791445,
        0.0002861220000056619,
        0.0006269539999976814,
        6.490600000574887e-05,
        0.0008104610000003731,
        0.0005110419999994065,
        0.00018495799999129758,
        0.0002045690000045397,
        0.0033259540000045718,
        0.0005638730000043779,
        6.245699999851695e-05,
        0.0001339190000066992,
        0.00043855399999870315,
        0.0003422810000017762,
        0.0003668190000070126,
        0.00014163199999472909,
        0.0004829570000026706,
        0.00038499100000422004,
        0.0069255669999961356,
        0.006228012000008221,
        0.00010348799999349012,
        0.0013878560000080142,
        0.00017807699998684257,
        0.00017146900000852838,
        0.0005511159999969095,
        0.005131601000016417,
        0.0004452200000173434,
        0.0004964260000122067,
        0.00018735300000116695,
        0.0002681929999823751,
        0.0005670909999935247,
        0.001178940000016837,
        0.00027178700000263234,
        0.00025796500000296874,
        0.0005591009999932339,
        0.00025565300001062496,
        0.00025923999999122316,
        0.0002482529999952021,
        0.0023121150000235957,
        0.0008286390000193933,
        0.0006263029999900027,
        0.00041271099999562466,
        0.0031312819999982366,
        0.001022597000002179,
        0.0008684959999811781,
        0.001131436999997959,
        0.00013427700000079312,
        0.0003427409999972042,
        0.0005150000000071486,
        0.0009985439999979917,
        0.000281654000019671,
        0.00020498399999269168,
        0.0006784429999981967,
        0.00026274699999362383,
        0.0002611209999940911,
        0.000284187999994856,
        0.001256718000007595,
        0.000588577000002033,
        0.00024622399999429945,
        0.0002448689999994258,
        0.0003609240000059799,
        0.001258548000009796,
        0.00019513099999812766,
        0.00010509599999863894,
        0.0003702429999918877,
        0.00043953899998427914,
        0.00028297899999074616,
        0.0001563520000047447,
        0.00031919900001753376,
        0.0006810720000203219,
        0.0007191589999990811,
        0.0010418849999780377,
        0.0005972740000004251,
        0.0004855120000115676,
        0.0003423259999806305,
        0.0012780090000035216,
        0.0004455680000035045,
        0.0006605879999881381,
        0.00029165200001557423,
        0.0002648360000137018,
        0.00028685899999914,
        0.006552389999995967,
        0.001396331999984568,
        0.00047251899999878333,
        0.025028070999979946,
        0.00020403199999918797,
        0.00020564799999078787,
