{
    "total_solving_time_e1": 0.0006966250000002283,
    "total_instances_solved_e1": 5,
    "total_instances_timedout_e1": 0,
    "instance_solving_time_e1": [
        0.00025349200000013283,
        8.557400000031024e-05,
        0.0002515769999997808,
        5.1376000000047384e-05,
        5.460599999995708e-05
    ],
    "total_solving_time_e2": 0,
    "total_instances_solved_e2": 0,
    "total_instances_timedout_e2": 0,
    "instance_solving_time_e2": []
}